Players,Birth Place,Birth Date,GP,G,Debut,Last Match
ABE Yuki,abe_yuki.html,Chiba,1981-09-06,53,3,2005-01-29,../2005/0129.html,2011-10-07,../2011/1007.html
AKITA Yutaka,akita_yutaka.html,Aichi,1970-08-06,44,4,1995-10-24,../1995/1024.html,2003-06-08,../2003/0608.html
ANDO Masahiro,ando_masahiro.html,Saitama,1972-04-02,1,0,1999-07-02,../1999/0702.html,1999-07-02,../1999/0702.html
AOKI Takeshi,aoki_takeshi.html,Gunma,1982-09-28,2,0,2008-08-20,../2008/0820.html,2009-01-20,../2009/0120.html
AOKI Yozo,aoki_yozo.html,,1929-04-10,1,0,1955-01-05,../1955/0105.html,1955-01-05,../1955/0105.html
AOYAMA Toshihiro,aoyama_toshihiro.html,Okayama,1986-02-22,8,1,2013-07-21,../2013/0721.html,2015-03-31,../2015/0331.html
ARAI Kozo,arai_kozo.html,Hiroshima,1950-10-24,47,4,1970-12-10,../1970/1210.html,1977-06-15,../1977/0615.html
ARIMA Ko,arima_ko.html,,1917-08-22,3,0,1951-03-07,../1951/0307.html,1951-03-09,../1951/0309.html
ASANO Tetsuya,asano_tetsuya.html,Ibaraki,1967-02-23,8,1,1991-06-02,../1991/0602.html,1994-07-14,../1994/0714.html
ASAOKA Tomoyasu,asaoka_tomoyasu.html,Tokyo,1962-04-06,8,0,1987-04-12,../1987/0412.html,1989-05-05,../1989/0505.html
ASHIKAGA Michio,ashikaga_michio.html,Akita,1950-05-22,7,0,1971-09-23,../1971/0923.html,1975-09-08,../1975/0908.html
BANDO Ryuji,bando_ryuji.html,Hyogo,1979-08-02,7,2,2006-10-04,../2006/1004.html,2008-02-23,../2008/0223.html
CHANO Takayuki,chano_takayuki.html,Chiba,1976-11-23,7,0,2004-04-25,../2004/0425.html,2005-08-07,../2005/0807.html
CHIBA Kazuhiko,chiba_kazuhiko.html,Hokkaido,1985-06-21,1,0,2013-07-25,../2013/0725.html,2013-07-25,../2013/0725.html
DAINI Kuniya,daini_kuniya.html,Hyogo,1944-10-12,44,0,1972-07-12,../1972/0712.html,1976-12-04,../1976/1204.html
DOI Yoichi (GK),doi_yoichi.html,Kumamoto,1973-07-25,4,0,2004-02-07,../2004/0207.html,2005-10-08,../2005/1008.html
ECHIGO Kazuo,echigo_kazuo.html,Mie,1965-12-28,6,1,1986-07-25,../1986/0725.html,1987-09-18,../1987/0918.html
ENDO Masahiro,endo_masahiro.html,Tokyo,1970-08-15,8,0,1994-05-29,../1994/0529.html,1994-10-11,../1994/1011.html
ENDO Yasuhito,endo_yasuhito.html,Kagoshima,1980-01-28,152,15,2002-11-20,../2002/1120.html,2015-01-23,../2015/0123.html
FUJIGUCHI Mitsunori,fujiguchi_mitsunori.html,Gunma,1949-08-17,26,2,1972-07-12,../1972/0712.html,1978-12-15,../1978/1215.html
FUJIHARU Hiroki,fujiharu_hiroki.html,Osaka,1988-11-28,1,0,2015-03-27,../2015/0327.html,2015-03-27,../2015/0327.html
FUJIMOTO Chikara,fujimoto_chikara.html,Yamaguchi,1977-10-31,2,0,2001-07-01,../2001/0701.html,2001-10-04,../2001/1004.html
FUJIMOTO Jungo,fujimoto_jungo.html,Kanagawa,1984-03-24,13,1,2007-03-24,../2007/0324.html,2012-08-15,../2012/0815.html
FUJISHIMA Nobuo,fujishima_nobuo.html,Akita,1950-04-08,65,7,1971-09-29,../1971/0929.html,1979-08-23,../1979/0823.html
FUJISHIRO Nobuyo,fujishiro_nobuyo.html,Chiba,1960-01-25,2,0,1988-01-27,../1988/0127.html,1988-01-30,../1988/0130.html
FUJITA Toshiya,fujita_toshiya.html,Shizuoka,1971-10-04,24,3,1995-02-15,../1995/0215.html,2005-01-29,../2005/0129.html
FUKUDA Masahiro,fukuda_masahiro.html,Kanagawa,1966-12-27,45,9,1990-07-27,../1990/0727.html,1995-10-28,../1995/1028.html
FUKUHARA Reizo,fukuhara_reizo.html,Hiroshima,1931-04-02,2,0,1955-01-05,../1955/0105.html,1955-10-09,../1955/1009.html
FUKUNISHI Takashi,fukunishi_takashi.html,Ehime,1976-09-01,64,7,1999-06-29,../1999/0629.html,2006-06-18,../2006/0618.html
FUNAMOTO Koji (GK),funamoto_koji.html,Hiroshima,1942-08-12,19,0,1967-09-27,../1967/0927.html,1975-09-08,../1975/0908.html
FURUKAWA Yoshio (GK),furukawa_yoshio.html,Osaka,1934-07-05,19,0,1956-06-03,../1956/0603.html,1962-09-21,../1962/0921.html
FURUTA Atsuyoshi,furuta_atsuyoshi.html,Hiroshima,1952-10-27,32,0,1971-08-13,../1971/0813.html,1978-12-15,../1978/1215.html
FUTAGAWA Takahiro,futagawa_takahiro.html,Kagoshima,1980-06-27,1,0,2006-10-04,../2006/1004.html,2006-10-04,../2006/1004.html
GANAHA Kazuki,ganaha_kazuki.html,Okinawa,1980-09-26,6,3,2006-08-09,../2006/0809.html,2006-11-15,../2006/1115.html
GONDA Shuichi (GK),gonda_shuichi.html,Tokyo,1989-03-03,3,0,2010-01-06,../2010/0106.html,2015-03-27,../2015/0327.html
GOTO Yukio,goto_yukio.html,,,4,0,1930-05-25,../1930/0525.html,1934-05-20,../1934/0520.html
HAMAZAKI Masahiro (GK),hamazaki_masahiro.html,Osaka,1940-03-14,2,0,1966-12-16,../1966/1216.html,1966-12-19,../1966/1219.html
HANYU Naotake,hanyu_naotake.html,Chiba,1979-12-22,17,0,2006-08-16,../2006/0816.html,2008-02-20,../2008/0220.html
HARA Hiromi,hara_hiromi.html,Tochigi,1958-10-19,75,37,1978-11-19,../1978/1119.html,1988-10-26,../1988/1026.html
HARA Masafumi,hara_masafumi.html,,1943-12-21,5,0,1970-07-31,../1970/0731.html,1970-12-17,../1970/1217.html
HARAGUCHI Genki,haraguchi_genki.html,Saitama,1991-05-09,3,0,2011-10-07,../2011/1007.html,2013-07-28,../2013/0728.html
HASEBE Makoto,hasebe_makoto.html,Shizuoka,1984-01-18,88,2,2006-02-10,../2006/0210.html,2015-03-27,../2015/0327.html
HASEGAWA Haruhisa,hasegawa_haruhisa.html,Hyogo,1957-04-14,15,4,1978-11-19,../1978/1119.html,1981-03-08,../1981/0308.html
HASEGAWA Kenta,hasegawa_kenta.html,Shizuoka,1965-09-25,27,4,1989-01-20,../1989/0120.html,1995-02-26,../1995/0226.html
HASEGAWA Yoshiyuki,hasegawa_yoshiyuki.html,Kyoto,1969-02-11,6,0,1995-02-15,../1995/0215.html,1996-05-29,../1996/0529.html
HASHIMOTO Hideo,hashimoto_hideo.html,Osaka,1979-05-21,15,0,2007-06-01,../2007/0601.html,2010-09-07,../2010/0907.html
HASHIRATANI Koichi,hashiratani_koichi.html,Kyoto,1961-03-01,29,3,1981-02-08,../1981/0208.html,1986-09-28,../1986/0928.html
HASHIRATANI Tetsuji,hashiratani_tetsuji.html,Kyoto,1964-07-15,72,6,1988-01-27,../1988/0127.html,1995-10-28,../1995/1028.html
HATO Yasuhiro,hato_yasuhiro.html,Hyogo,1976-05-04,15,0,2001-04-25,../2001/0425.html,2002-05-02,../2002/0502.html
HATTORI Toshihiro,hattori_toshihiro.html,Shizuoka,1973-09-23,44,2,1996-09-11,../1996/0911.html,2003-06-08,../2003/0608.html
HAVENAAR Mike,havenaar_mike.html,Hiroshima,1987-05-20,17,4,2011-09-02,../2011/0902.html,2013-10-15,../2013/1015.html
HAYASHI Kentaro,hayashi_kentaro.html,Tokyo,1972-08-29,2,0,1995-08-06,../1995/0806.html,1995-08-09,../1995/0809.html
HIDAKA Noritaka,hidaka_noritaka.html,Tokyo,1947-05-29,4,0,1972-09-14,../1972/0914.html,1973-06-23,../1973/0623.html
HIRAKAWA Hiroshi,hirakawa_hiroshi.html,Kanagawa,1965-01-10,13,0,1985-03-21,../1985/0321.html,1992-06-07,../1992/0607.html
HIRAKI Ryuzo,hiraki_ryuzo.html,Osaka,1931-10-07,30,1,1954-03-14,../1954/0314.html,1962-09-12,../1962/0912.html
HIRANO Takashi,hirano_takashi.html,Shizuoka,1974-07-15,15,4,1997-06-08,../1997/0608.html,2000-02-20,../2000/0220.html
HIRASAWA Shusaku,hirasawa_shusaku.html,Akita,1949-03-05,11,1,1972-08-04,../1972/0804.html,1974-09-28,../1974/0928.html
HIRASE Tomoyuki,hirase_tomoyuki.html,Kagoshima,1977-05-23,2,0,2000-02-05,../2000/0205.html,2000-02-13,../2000/0213.html
HIRAYAMA Sota,hirayama_sota.html,Fukuoka,1985-06-06,4,3,2010-01-06,../2010/0106.html,2010-02-11,../2010/0211.html
HIROYAMA Nozomi,hiroyama_nozomi.html,Chiba,1977-05-06,2,0,2001-10-04,../2001/1004.html,2001-10-07,../2001/1007.html
HONDA Keisuke,honda_keisuke.html,Osaka,1986-06-13,71,28,2008-06-22,../2008/0622.html,2015-03-31,../2015/0331.html
HONDA Takuya,honda_takuya.html,Kanagawa,1985-04-17,2,0,2011-01-17,../2011/0117.html,2011-01-25,../2011/0125.html
HONDA Yasuto,honda_yasuto.html,Fukuoka,1969-06-25,29,1,1995-10-24,../1995/1024.html,1997-10-26,../1997/1026.html
HONNAMI Kenji (GK),honnami_kenji.html,Osaka,1964-06-23,3,0,1994-05-29,../1994/0529.html,1994-07-14,../1994/0714.html
HORIE Tadao,horie_tadao.html,Shizuoka,1913-09-13,3,0,1934-05-15,../1934/0515.html,1936-08-04,../1936/0804.html
HORIIKE Takumi,horiike_takumi.html,Shizuoka,1965-09-06,58,2,1986-08-01,../1986/0801.html,1995-01-08,../1995/0108.html
HOSAKA Tsukasa (GK),hosaka_tsukasa.html,Yamanashi,1937-03-03,19,0,1960-11-06,../1960/1106.html,1964-03-03,../1964/0303.html
HOSOGAI Hajime,hosogai_hajime.html,Gunma,1986-06-10,30,1,2010-09-04,../2010/0904.html,2014-10-14,../2014/1014.html
HOSOTANI Ichiro,hosotani_ichiro.html,Hyogo,1946-01-21,4,1,1978-07-13,../1978/0713.html,1978-07-26,../1978/0726.html
ICHIKAWA Daisuke,ichikawa_daisuke.html,Shizuoka,1980-05-14,10,0,1998-04-01,../1998/0401.html,2002-06-18,../2002/0618.html
IDE Tameo,ide_tameo.html,,1908-11-27,1,0,1930-05-25,../1930/0525.html,1930-05-25,../1930/0525.html
IENAGA Akihiro,ienaga_akihiro.html,Kyoto,1986-06-13,3,0,2007-03-24,../2007/0324.html,2011-08-10,../2011/0810.html
IHARA Masami,ihara_masami.html,Shiga,1967-09-18,122,5,1988-01-27,../1988/0127.html,1999-07-05,../1999/0705.html
IKEDA Shinobu,ikeda_shinobu.html,Shizuoka,1962-01-05,1,0,1985-06-04,../1985/0604.html,1985-06-04,../1985/0604.html
IKEUCHI Yutaka,ikeuchi_yutaka.html,Aichi,1961-08-25,8,0,1983-02-12,../1983/0212.html,1985-08-11,../1985/0811.html
IKOMA Tomohiko (GK),ikoma_tomohiko.html,Hyogo,1932-08-25,5,0,1955-01-02,../1955/0102.html,1955-10-09,../1955/1009.html
IMAI Keizo,imai_keizo.html,Kyoto,1950-11-19,29,0,1974-09-03,../1974/0903.html,1980-04-02,../1980/0402.html
IMAMURA Hiroji,imamura_hiroji.html,Shiga,1949-04-27,4,0,1976-08-08,../1976/0808.html,1976-08-22,../1976/0822.html
IMANISHI Kazuo,imanishi_kazuo.html,Hiroshima,1941-01-12,3,0,1966-12-10,../1966/1210.html,1966-12-18,../1966/1218.html
INAMOTO Junichi,inamoto_junichi.html,Kagoshima,1979-09-18,82,5,2000-02-05,../2000/0205.html,2010-06-24,../2010/0624.html
INOHA Masahiko,inoha_masahiko.html,Miyazaki,1985-08-28,21,1,2011-01-17,../2011/0117.html,2014-05-27,../2014/0527.html
INOUE Takeshi,inoue_takeshi.html,,1928-09-30,1,0,1954-03-07,../1954/0307.html,1954-03-07,../1954/0307.html
INUI Takashi,inui_takashi.html,Shiga,1988-06-02,19,2,2009-01-20,../2009/0120.html,2015-03-31,../2015/0331.html
ISHIGAMI Yoshinori,ishigami_yoshinori.html,Shizuoka,1957-11-04,12,0,1984-09-30,../1984/0930.html,1986-09-24,../1986/0924.html
ISHII Shigemi,ishii_shigemi.html,,1951-07-07,15,0,1974-02-12,../1974/0212.html,1979-07-11,../1979/0711.html
ISHII Yoshinobu,ishii_yoshinobu.html,Hiroshima,1939-03-13,1,0,1962-09-21,../1962/0921.html,1962-09-21,../1962/0921.html
ISHIKAWA Naohiro,ishikawa_naohiro.html,Kanagawa,1981-05-12,6,0,2003-12-07,../2003/1207.html,2012-02-24,../2012/0224.html
ISOGAI Hiromitsu,isogai_hiromitsu.html,Kumamoto,1969-04-19,2,0,1995-01-06,../1995/0106.html,1995-01-08,../1995/0108.html
ITO Naoji,ito_naoji.html,Mie,1959-07-01,1,0,1981-06-19,../1981/0619.html,1981-06-19,../1981/0619.html
ITO Teruyoshi,ito_teruyoshi.html,Shizuoka,1974-08-31,27,0,1997-06-08,../1997/0608.html,2001-11-07,../2001/1107.html
IWABUCHI Isao,iwabuchi_isao.html,Tochigi,1933-11-17,8,2,1955-01-05,../1955/0105.html,1958-05-28,../1958/0528.html
IWAMASA Daiki,iwamasa_daiki.html,Yamaguchi,1982-01-30,8,0,2009-10-10,../2009/1010.html,2011-01-29,../2011/0129.html
IWAMOTO Teruo,iwamoto_teruo.html,Kanagawa,1972-05-02,9,2,1994-05-22,../1994/0522.html,1994-10-11,../1994/1011.html
IWATANI Toshio,iwatani_toshio.html,Hyogo,1925-10-24,8,4,1951-03-07,../1951/0307.html,1956-06-10,../1956/0610.html
IZUMI Masanobu,izumi_masanobu.html,Hiroshima,1944-04-08,1,0,1965-03-25,../1965/0325.html,1965-03-25,../1965/0325.html
JO Shoji,jo_shoji.html,Hokkaido,1975-06-17,35,7,1995-09-20,../1995/0920.html,2001-03-24,../2001/0324.html
KAGAWA Shinji,kagawa_shinji.html,Hyogo,1989-03-17,69,20,2008-05-24,../2008/0524.html,2015-03-31,../2015/0331.html
KAGAWA Taro,kagawa_taro.html,Hyogo,1922-08-09,5,0,1951-03-07,../1951/0307.html,1954-05-01,../1954/0501.html
KAIMOTO Keiji,kaimoto_keiji.html,Osaka,1972-11-26,1,0,2000-10-20,../2000/1020.html,2000-10-20,../2000/1020.html
KAJI Akira,kaji_akira.html,Hyogo,1980-01-13,64,2,2003-10-08,../2003/1008.html,2008-02-23,../2008/0223.html
KAJINO Tomoyuki,kajino_tomoyuki.html,Aichi,1960-07-11,9,1,1988-06-02,../1988/0602.html,1989-06-25,../1989/0625.html
KAKITANI Yoichiro,kakitani_yoichiro.html,Osaka,1990-01-03,18,5,2013-07-21,../2013/0721.html,2014-10-14,../2014/1014.html
KAMAMOTO Kunishige,kamamoto_kunishige.html,Kyoto,1944-04-15,76,75,1964-03-03,../1964/0303.html,1977-06-15,../1977/0615.html
KAMATA Mitsuo,kamata_mitsuo.html,Ibaraki,1937-12-16,44,2,1958-12-25,../1958/1225.html,1969-10-18,../1969/1018.html
KAMI Hisao,kami_hisao.html,Hiroshima,1941-06-28,15,0,1964-10-16,../1964/1016.html,1968-03-31,../1968/0331.html
KAMO Shogo,kamo_shogo.html,Shizuoka,1916-12-12,2,0,1936-08-04,../1936/0804.html,1936-08-07,../1936/0807.html
KAMO Takeshi,kamo_takeshi.html,Shizuoka,1915-02-08,2,0,1936-08-04,../1936/0804.html,1936-08-07,../1936/0807.html
KANAZAKI Mu,kanazaki_mu.html,Mie,1989-02-16,5,0,2009-01-20,../2009/0120.html,2010-10-12,../2010/1012.html
KANDA Katsuo,kanda_katsuo.html,Niigata,1966-06-21,1,0,1995-05-28,../1995/0528.html,1995-05-28,../1995/0528.html
KANEDA Nobutoshi,kaneda_nobutoshi.html,Hiroshima,1958-02-16,58,6,1977-06-15,../1977/0615.html,1984-05-31,../1984/0531.html
KANEKO Hisashi,kaneko_hisashi.html,Saitama,1959-09-12,7,1,1986-07-25,../1986/0725.html,1987-09-18,../1987/0918.html
KANO Takashi,kano_takashi.html,Tokyo,1920-10-31,7,2,1951-03-07,../1951/0307.html,1954-05-03,../1954/0503.html
KASAHARA Takashi,kasahara_takashi.html,,1918-03-26,1,0,1940-06-16,../1940/0616.html,1940-06-16,../1940/0616.html
KASHIWAGI Yosuke,kashiwagi_yosuke.html,Hyogo,1987-12-15,4,0,2010-01-06,../2010/0106.html,2012-02-24,../2012/0224.html
KATAYAMA Hiroshi,katayama_hiroshi.html,Tokyo,1940-05-28,38,0,1961-08-02,../1961/0802.html,1971-10-02,../1971/1002.html
KATO Hisashi,kato_hisashi.html,Miyagi,1956-04-24,61,6,1978-11-23,../1978/1123.html,1987-10-26,../1987/1026.html
KATO Masaaki,kato_masaaki.html,Aichi,1958-12-22,3,1,1981-08-30,../1981/0830.html,1981-09-08,../1981/0908.html
KATO Mitsuo,kato_mitsuo.html,,1953-01-22,1,0,1979-08-23,../1979/0823.html,1979-08-23,../1979/0823.html
KATO Nobuyuki,kato_nobuyuki.html,,1920-01-02,1,0,1951-03-09,../1951/0309.html,1951-03-09,../1951/0309.html
KATO Yoshio (GK),kato_yoshio.html,Saitama,1957-08-01,8,0,1980-06-09,../1980/0609.html,1981-02-24,../1981/0224.html
KATSUYA Toshinobu,katsuya_toshinobu.html,Nagasaki,1961-09-02,27,0,1985-09-22,../1985/0922.html,1993-10-28,../1993/1028.html
KAWABUCHI Saburo,kawabuchi_saburo.html,Osaka,1936-12-03,26,8,1958-12-25,../1958/1225.html,1965-03-22,../1965/0322.html
KAWACHI Katsuyuki,kawachi_katsuyuki.html,Hiroshima,1955-04-27,3,0,1979-06-16,../1979/0616.html,1979-07-13,../1979/0713.html
KAWAGUCHI Yoshikatsu (GK),kawaguchi_yoshikatsu.html,Shizuoka,1975-08-15,116,0,1997-02-13,../1997/0213.html,2008-11-19,../2008/1119.html
KAWAKAMI Nobuo,kawakami_nobuo.html,Saitama,1947-10-04,41,0,1970-07-31,../1970/0731.html,1977-03-06,../1977/0306.html
KAWAKATSU Ryoichi,kawakatsu_ryoichi.html,Kyoto,1958-04-05,13,0,1981-02-08,../1981/0208.html,1982-07-18,../1982/0718.html
KAWAMATA Kengo,kawamata_kengo.html,Ehime,1989-10-14,2,1,2015-03-27,../2015/0327.html,2015-03-31,../2015/0331.html
KAWAMOTO Taizo,kawamoto_taizo.html,Aichi,1914-01-17,9,4,1934-05-13,../1934/0513.html,1954-05-03,../1954/0503.html
KAWANISHI Takehiko,kawanishi_takehiko.html,Hiroshima,1938-10-09,8,0,1959-12-20,../1959/1220.html,1962-09-21,../1962/0921.html
KAWANO Junji,kawano_junji.html,Oita,1945-07-11,2,0,1968-03-31,../1968/0331.html,1969-10-16,../1969/1016.html
KAWASHIMA Eiji (GK),kawashima_eiji.html,Saitama,1983-03-20,69,0,2008-02-17,../2008/0217.html,2015-03-31,../2015/0331.html
KAZAMA Yahiro,kazama_yahiro.html,Shizuoka,1961-10-16,19,0,1980-12-22,../1980/1222.html,1983-09-25,../1983/0925.html
KIKUCHI Naoya,kikuchi_naoya.html,Shizuoka,1984-11-24,1,0,2010-01-06,../2010/0106.html,2010-01-06,../2010/0106.html
KIKUCHI Shinkichi (GK),kikuchi_shinkichi.html,Iwate,1967-04-12,7,0,1994-09-27,../1994/0927.html,1995-10-28,../1995/1028.html
KIKUGAWA Yoshio,kikugawa_yoshio.html,Shizuoka,1944-09-12,16,0,1969-10-12,../1969/1012.html,1971-08-13,../1971/0813.html
KIKUHARA Shiro,kikuhara_shiro.html,Kanagawa,1969-07-07,5,0,1990-07-29,../1990/0729.html,1990-10-01,../1990/1001.html
KIM Yong Sik,kim_yong_sik.html,Korea,1910-07-25,3,0,1936-08-04,../1936/0804.html,1940-06-16,../1940/0616.html
KIMURA Arawa,kimura_arawa.html,Hiroshima,1931-07-08,6,1,1954-03-07,../1954/0307.html,1955-10-09,../1955/1009.html
KIMURA Kazushi,kimura_kazushi.html,Hiroshima,1958-07-19,54,26,1979-05-31,../1979/0531.html,1986-09-28,../1986/0928.html
KIMURA Takeo,kimura_takeo.html,Tokyo,1947-05-13,14,4,1966-12-17,../1966/1217.html,1970-12-18,../1970/1218.html
KISHIOKU Yuji,kishioku_yuji.html,Hokkaido,1954-04-02,10,2,1979-05-31,../1979/0531.html,1980-04-02,../1980/0402.html
KITAGUCHI Akira,kitaguchi_akira.html,Osaka,1935-03-08,10,1,1958-05-26,../1958/0526.html,1959-12-13,../1959/1213.html
KITAJIMA Hideaki,kitajima_hideaki.html,Chiba,1978-05-23,3,1,2000-10-17,../2000/1017.html,2000-12-20,../2000/1220.html
KITAZAWA Tsuyoshi,kitazawa_tsuyoshi.html,Tokyo,1968-08-10,58,3,1991-06-02,../1991/0602.html,1999-06-06,../1999/0606.html
KIYOKUMO Eijun,kiyokumo_eijun.html,Yamanashi,1950-09-11,42,0,1974-09-28,../1974/0928.html,1980-04-02,../1980/0402.html
KIYOTAKE Hiroshi,kiyotake_hiroshi.html,Oita,1989-11-12,30,1,2011-08-10,../2011/0810.html,2015-03-27,../2015/0327.html
KOBATA Minoru,kobata_minoru.html,Saitama,1946-11-24,13,0,1970-07-31,../1970/0731.html,1973-06-23,../1973/0623.html
KOBAYASHI Daigo,kobayashi_daigo.html,Shizuoka,1983-02-19,1,0,2006-08-09,../2006/0809.html,2006-08-09,../2006/0809.html
KOBAYASHI George,kobayashi_george.html,Brazil,1947-11-29,3,0,1972-07-16,../1972/0716.html,1972-07-22,../1972/0722.html
KOBAYASHI Tadao,kobayashi_tadao.html,Kanagawa,1930-07-07,3,0,1956-06-03,../1956/0603.html,1956-11-27,../1956/1127.html
KOBAYASHI Yu,kobayashi_yu.html,Tokyo,1987-09-23,2,0,2014-10-10,../2014/1010.html,2014-10-14,../2014/1014.html
KOJIMA Hiromi,kojima_hiromi.html,Fukuoka,1977-12-12,1,0,2000-04-26,../2000/0426.html,2000-04-26,../2000/0426.html
KOJIMA Nobuyuki (GK),kojima_nobuyuki.html,Gunma,1966-01-17,4,0,1995-06-06,../1995/0606.html,1996-02-19,../1996/0219.html
KOMAEDA Mitsuru,komaeda_mitsuru.html,Iwate,1950-04-14,2,2,1976-08-10,../1976/0810.html,1977-06-15,../1977/0615.html
KOMANO Yuichi,komano_yuichi.html,Wakayama,1981-07-25,78,1,2005-08-03,../2005/0803.html,2013-08-14,../2013/0814.html
KONDO Koji,kondo_koji.html,Aichi,1972-04-28,2,0,1994-05-22,../1994/0522.html,1994-05-29,../1994/0529.html
KONDO Naoya,kondo_naoya.html,Tochigi,1983-10-03,1,0,2012-02-24,../2012/0224.html,2012-02-24,../2012/0224.html
KONNO Yasuyuki,konno_yasuyuki.html,Miyagi,1983-01-25,87,2,2005-08-03,../2005/0803.html,2015-03-31,../2015/0331.html
KONO Kazuhisa,kono_kazuhisa.html,Hiroshima,1950-12-30,1,0,1974-02-20,../1974/0220.html,1974-02-20,../1974/0220.html
KOROKI Shinzo,koroki_shinzo.html,Miyazaki,1986-07-31,12,0,2008-10-09,../2008/1009.html,2011-06-01,../2011/0601.html
KOSHIDA Takeshi,koshida_takeshi.html,Ishikawa,1960-10-19,19,0,1980-12-22,../1980/1222.html,1985-11-03,../1985/1103.html
KUBO Tatsuhiko,kubo_tatsuhiko.html,Fukuoka,1976-06-18,32,11,1998-10-28,../1998/1028.html,2006-05-13,../2006/0513.html
KUDO Masato,kudo_masato.html,Tokyo,1990-05-06,4,2,2013-07-21,../2013/0721.html,2013-09-06,../2013/0906.html
KUNIEDA Tsuyoshi,kunieda_tsuyoshi.html,Hiroshima,1944-09-18,2,0,1969-10-16,../1969/1016.html,1969-10-18,../1969/1018.html
KURATA Yasuharu,kurata_yasuharu.html,Shizuoka,1963-02-01,6,0,1986-09-20,../1986/0920.html,1987-09-26,../1987/0926.html
KURIHARA Yuzo,kurihara_yuzo.html,Kanagawa,1983-09-18,20,3,2006-08-09,../2006/0809.html,2013-07-28,../2013/0728.html
KUROBE Teruaki,kurobe_teruaki.html,Tokushima,1978-03-06,4,0,2003-03-28,../2003/0328.html,2004-02-07,../2004/0207.html
KUROSAKI Hisashi,kurosaki_hisashi.html,Tochigi,1968-05-08,24,4,1989-05-05,../1989/0505.html,1997-02-13,../1997/0213.html
KUSAKI Katsuhiro,kusaki_katsuhiro.html,Kyoto,1962-04-12,2,0,1988-01-27,../1988/0127.html,1988-10-26,../1988/1026.html
KUWAHARA Katsuyoshi,kuwahara_katsuyoshi.html,Shizuoka,1944-05-30,2,0,1965-03-22,../1965/0322.html,1965-03-25,../1965/0325.html
KUWAHARA Yasuyuki,kuwahara_yasuyuki.html,Hiroshima,1942-12-22,12,5,1966-12-14,../1966/1214.html,1970-07-31,../1970/0731.html
KUWATA Takayuki,kuwata_takayuki.html,Hiroshima,1941-06-26,5,2,1961-05-28,../1961/0528.html,1962-09-21,../1962/0921.html
LEE Tadanari,lee_tadanari.html,Tokyo,1985-12-19,11,2,2011-01-09,../2011/0109.html,2012-02-29,../2012/0229.html
LOPES Wagner,lopes_wagner.html,Brazil,1969-01-29,20,5,1997-09-28,../1997/0928.html,1999-09-08,../1999/0908.html
MAEDA Hideki,maeda_hideki.html,Kyoto,1954-05-13,65,11,1975-08-04,../1975/0804.html,1984-04-26,../1984/0426.html
MAEDA Osamu,maeda_osamu.html,Fukuoka,1965-09-05,14,6,1988-01-27,../1988/0127.html,1989-06-18,../1989/0618.html
MAEDA Ryoichi,maeda_ryoichi.html,Hyogo,1981-10-09,33,10,2007-08-22,../2007/0822.html,2013-06-22,../2013/0622.html
MAEKAWA Kazuya (GK),maekawa_kazuya.html,Nagasaki,1968-03-22,17,0,1992-06-07,../1992/0607.html,1996-10-13,../1996/1013.html
MAEZONO Masakiyo,maezono_masakiyo.html,Kagoshima,1973-10-29,19,4,1994-05-22,../1994/0522.html,1997-03-15,../1997/0315.html
MAKI Seiichiro,maki_seiichiro.html,Kumamoto,1980-08-07,38,8,2005-07-31,../2005/0731.html,2009-02-04,../2009/0204.html
MAKINO Tomoaki,makino_tomoaki.html,Hiroshima,1987-05-11,15,1,2010-01-06,../2010/0106.html,2015-03-27,../2015/0327.html
MASUDA Chikashi,masuda_chikashi.html,Miyagi,1985-06-19,1,0,2012-02-24,../2012/0224.html,2012-02-24,../2012/0224.html
MASUDA Tadatoshi,masuda_tadatoshi.html,Shizuoka,1973-12-25,1,0,1998-02-15,../1998/0215.html,1998-02-15,../1998/0215.html
MATSUDA Naoki,matsuda_naoki.html,Gunma,1977-03-14,40,1,2000-02-05,../2000/0205.html,2005-01-29,../2005/0129.html
MATSUI Daisuke,matsui_daisuke.html,Kyoto,1981-05-11,31,1,2003-06-22,../2003/0622.html,2011-01-13,../2011/0113.html
MATSUI Kiyotaka (GK),matsui_kiyotaka.html,Osaka,1961-01-04,15,0,1984-05-31,../1984/0531.html,1988-06-02,../1988/0602.html
MATSUKI Yasutaro,matsuki_yasutaro.html,Tokyo,1957-11-28,11,0,1984-04-15,../1984/0415.html,1986-09-28,../1986/0928.html
MATSUMARU Teiichi,matsumaru_teiichi.html,Tokyo,1909-02-28,3,0,1934-05-13,../1934/0513.html,1934-05-20,../1934/0520.html
MATSUMOTO Gyoji (GK),matsumoto_gyoji.html,Saitama,1934-08-13,1,0,1958-12-28,../1958/1228.html,1958-12-28,../1958/1228.html
MATSUMOTO Ikuo,matsumoto_ikuo.html,Tochigi,1941-11-03,11,1,1966-12-10,../1966/1210.html,1969-10-16,../1969/1016.html
MATSUNAGA Akira,matsunaga_akira_19140921.html,Shizuoka,1914-09-21,2,1,1936-08-04,../1936/0804.html,1936-08-07,../1936/0807.html
MATSUNAGA Akira,matsunaga_akira_19480808.html,Shizuoka,1948-08-08,10,2,1973-05-22,../1973/0522.html,1976-04-11,../1976/0411.html
MATSUNAGA Nobuo,matsunaga_nobuo.html,Shizuoka,1921-12-06,4,0,1954-03-14,../1954/0314.html,1955-10-09,../1955/1009.html
MATSUNAGA Seki,matsunaga_seki.html,Shizuoka,1928-06-25,1,0,1951-03-09,../1951/0309.html,1951-03-09,../1951/0309.html
MATSUNAGA Shigetatsu (GK),matsunaga_shigetatsu.html,Shizuoka,1962-08-12,40,0,1988-10-26,../1988/1026.html,1995-02-26,../1995/0226.html
MATSUURA Toshio,matsuura_toshio.html,Kanagawa,1955-11-20,22,6,1981-06-02,../1981/0602.html,1987-09-26,../1987/0926.html
MATSUYAMA Yoshiyuki,matsuyama_yoshiyuki.html,Kyoto,1966-07-31,10,4,1987-04-08,../1987/0408.html,1989-07-23,../1989/0723.html
MICHIKI Ryuji,michiki_ryuji.html,Nagasaki,1973-08-25,4,0,1996-10-13,../1996/1013.html,1997-08-13,../1997/0813.html
MIMURA Kakuichi,mimura_kakuichi.html,Tokyo,1931-08-16,4,0,1955-01-02,../1955/0102.html,1955-01-11,../1955/0111.html
MINAGAWA Yusuke,minagawa_yusuke.html,Tokyo,1991-10-09,1,0,2014-09-05,../2014/0905.html,2014-09-05,../2014/0905.html
MINOWA Yoshinobu,minowa_yoshinobu.html,Kanagawa,1976-06-02,1,0,2005-10-12,../2005/1012.html,2005-10-12,../2005/1012.html
MIURA Atsuhiro,miura_atsuhiro.html,Oita,1974-07-24,25,1,1999-06-06,../1999/0606.html,2005-05-22,../2005/0522.html
MIURA Kazuyoshi,miura_kazuyoshi.html,Shizuoka,1967-02-26,89,55,1990-09-26,../1990/0926.html,2000-06-06,../2000/0606.html
MIURA Yasutoshi,miura_yasutoshi.html,Shizuoka,1965-07-15,3,0,1993-10-04,../1993/1004.html,1993-10-18,../1993/1018.html
MIYAICHI Ryo,miyaichi_ryo.html,Aichi,1992-12-14,2,0,2012-05-23,../2012/0523.html,2012-10-16,../2012/1016.html
MIYAMA Shizuo,miyama_shizuo.html,,,2,0,1923-05-23,../1923/0523.html,1923-05-24,../1923/0524.html
MIYAMOTO Masakatsu,miyamoto_masakatsu.html,Ibaraki,1938-07-04,44,1,1958-12-25,../1958/1225.html,1971-10-02,../1971/1002.html
MIYAMOTO Teruki,miyamoto_teruki.html,Hiroshima,1940-12-26,58,19,1961-06-11,../1961/0611.html,1971-10-02,../1971/1002.html
MIYAMOTO Tsuneyasu,miyamoto_tsuneyasu.html,Osaka,1977-02-07,71,3,2000-06-18,../2000/0618.html,2006-06-18,../2006/0618.html
MIYATA Koji,miyata_koji.html,,1923-01-15,6,0,1951-03-07,../1951/0307.html,1954-05-03,../1954/0503.html
MIYAUCHI Satoshi,miyauchi_satoshi.html,Tokyo,1959-11-26,20,0,1984-09-30,../1984/0930.html,1987-09-18,../1987/0918.html
MIZUMOTO Hiroki,mizumoto_hiroki.html,Mie,1985-09-12,7,0,2006-10-04,../2006/1004.html,2015-03-31,../2015/0331.html
MIZUNO Koki,mizuno_koki.html,Shizuoka,1985-09-06,4,0,2007-03-24,../2007/0324.html,2007-07-16,../2007/0716.html
MIZUNUMA Takashi,mizunuma_takashi.html,Saitama,1960-05-28,32,7,1984-04-18,../1984/0418.html,1989-07-23,../1989/0723.html
MOCHIZUKI Satoshi,mochizuki_satoshi.html,Shiga,1964-05-18,7,0,1988-01-27,../1988/0127.html,1989-07-23,../1989/0723.html
MOCHIZUKI Shigeyoshi,mochizuki_shigeyoshi.html,Shizuoka,1973-07-09,15,1,1997-06-15,../1997/0615.html,2001-03-24,../2001/0324.html
MOCHIZUKI Toyohito,mochizuki_toyohito.html,Shizuoka,1953-09-18,2,0,1978-07-21,../1978/0721.html,1978-07-23,../1978/0723.html
MONIWA Teruyuki,moniwa_teruyuki.html,Kanagawa,1981-09-08,9,1,2003-10-08,../2003/1008.html,2006-06-12,../2006/0612.html
MORI Masaaki,mori_masaaki.html,Nagasaki,1961-07-12,8,0,1988-06-02,../1988/0602.html,1989-07-23,../1989/0723.html
MORI Takaji,mori_takaji.html,Hiroshima,1943-11-24,56,2,1966-12-16,../1966/1216.html,1976-03-31,../1976/0331.html
MORIMOTO Takayuki,morimoto_takayuki.html,Kanagawa,1988-05-07,10,3,2009-10-10,../2009/1010.html,2012-05-23,../2012/0523.html
MORIOKA Ryota,morioka_ryota.html,Kyoto,1991-04-12,2,0,2014-09-05,../2014/0905.html,2014-10-14,../2014/1014.html
MORIOKA Ryuzo,morioka_ryuzo.html,Kanagawa,1975-10-07,38,0,1999-03-31,../1999/0331.html,2003-06-08,../2003/0608.html
MORISHIGE Masato,morishige_masato.html,Hiroshima,1987-05-21,22,1,2013-07-21,../2013/0721.html,2015-03-31,../2015/0331.html
MORISHIMA Hiroaki,morishima_hiroaki.html,Hiroshima,1972-04-30,64,12,1995-05-21,../1995/0521.html,2002-06-18,../2002/0618.html
MORISHITA Shinichi (GK),morishita_shinichi.html,Shizuoka,1960-12-28,28,0,1985-06-04,../1985/0604.html,1991-06-02,../1991/0602.html
MORIWAKI Ryota,moriwaki_ryota.html,Hiroshima,1986-04-06,3,0,2011-06-01,../2011/0601.html,2013-07-25,../2013/0725.html
MORIYAMA Yasuyuki,moriyama_yasuyuki.html,Gifu,1969-05-01,1,0,1997-06-15,../1997/0615.html,1997-06-15,../1997/0615.html
MORIYAMA Yoshiro,moriyama_yoshiro.html,Kumamoto,1967-11-09,7,0,1994-07-08,../1994/0708.html,1994-10-11,../1994/1011.html
MORIYASU Hajime,moriyasu_hajime.html,Shizuoka,1968-08-23,35,1,1992-05-31,../1992/0531.html,1996-02-19,../1996/0219.html
MOTOYAMA Masashi,motoyama_masashi.html,Fukuoka,1979-06-20,28,0,2000-06-18,../2000/0618.html,2006-02-18,../2006/0218.html
MURAI Shinji,murai_shinji.html,Chiba,1979-12-01,5,0,2005-08-03,../2005/0803.html,2006-05-09,../2006/0509.html
MURAOKA Hiroto (GK),muraoka_hiroto.html,Tokyo,1931-09-19,2,0,1954-03-07,../1954/0307.html,1954-05-01,../1954/0501.html
MUTO Yoshinori,muto_yoshinori.html,Tokyo,1992-07-15,11,1,2014-09-05,../2014/0905.html,2015-03-27,../2015/0327.html
MYOJIN Tomokazu,myojin_tomokazu.html,Hyogo,1978-01-24,26,3,2000-02-13,../2000/0213.html,2002-06-18,../2002/0618.html
NAGAI Kensuke,nagai_kensuke.html,Hiroshima,1989-03-05,2,0,2010-01-06,../2010/0106.html,2015-03-27,../2015/0327.html
NAGAI Yoshikazu,nagai_yoshikazu.html,Saitama,1952-04-16,69,9,1971-08-13,../1971/0813.html,1985-03-30,../1980/0330.html
NAGAI Yuichiro,nagai_yuichiro.html,Tokyo,1979-02-14,4,1,2003-04-16,../2003/0416.html,2003-06-22,../2003/0622.html
NAGANUMA Ken,naganuma_ken.html,Hiroshima,1930-09-05,4,1,1954-03-07,../1954/0307.html,1961-11-28,../1961/1128.html
NAGASAWA Kazuaki,nagasawa_kazuaki.html,Shizuoka,1958-02-04,9,0,1978-07-13,../1978/0713.html,1985-06-04,../1985/0604.html
NAGASHIMA Akihiro,nagashima_akihiro.html,Hyogo,1964-04-09,4,0,1990-07-27,../1990/0727.html,1991-07-27,../1991/0727.html
NAGATA Mitsuru,nagata_mitsuru.html,Shizuoka,1983-04-06,2,0,2010-09-07,../2010/0907.html,2011-01-21,../2011/0121.html
NAGATOMO Yuto,nagatomo_yuto.html,Ehime,1986-09-12,80,3,2008-05-24,../2008/0524.html,2015-01-23,../2015/0123.html
NAKAMOTO Kuniharu,nakamoto_kuniharu.html,Hiroshima,1959-10-29,5,0,1987-09-02,../1987/0902.html,1987-10-26,../1987/1026.html
NAKAMURA Kazuyoshi,nakamura_kazuyoshi.html,Shizuoka,1955-04-08,5,1,1979-03-04,../1979/0304.html,1979-07-01,../1979/0701.html
NAKAMURA Kengo,nakamura_kengo.html,Tokyo,1980-10-31,68,6,2006-10-04,../2006/1004.html,2013-06-22,../2013/0622.html
NAKAMURA Naoshi,nakamura_naoshi.html,Chiba,1979-01-27,1,0,2006-08-09,../2006/0809.html,2006-08-09,../2006/0809.html
NAKAMURA Shunsuke,nakamura_shunsuke.html,Kanagawa,1978-06-24,98,24,2000-02-13,../2000/0213.html,2010-06-19,../2010/0619.html
NAKAMURA Tadashi,nakamura_tadashi.html,Tokyo,1971-06-10,16,0,1995-02-15,../1995/0215.html,1998-02-15,../1998/0215.html
NAKANISHI Eisuke,nakanishi_eisuke.html,Mie,1973-06-23,14,0,1997-09-07,../1997/0907.html,2002-11-20,../2002/1120.html
NAKATA Hidetoshi,nakata_hidetoshi.html,Yamanashi,1977-01-22,77,11,1997-05-21,../1997/0521.html,2006-06-22,../2006/0622.html
NAKATA Koji,nakata_koji.html,Shiga,1979-07-09,57,2,2000-02-05,../2000/0205.html,2007-06-05,../2007/0605.html
NAKAYAMA Masashi,nakayama_masashi.html,Shizuoka,1967-09-23,53,21,1990-07-31,../1990/0731.html,2003-06-08,../2003/0608.html
NAKAZAWA Yuji,nakazawa_yuji.html,Saitama,1978-02-25,110,17,1999-09-08,../1999/0908.html,2010-09-04,../2010/0904.html
NANAMI Hiroshi,nanami_hiroshi.html,Shizuoka,1972-11-28,67,9,1995-08-06,../1995/0806.html,2001-04-25,../2001/0425.html
NARAHASHI Akira,narahashi_akira.html,Chiba,1971-11-26,38,0,1994-09-27,../1994/0927.html,2003-06-08,../2003/0608.html
NARAZAKI Seigo (GK),narazaki_seigo.html,Nara,1976-04-15,77,0,1998-02-15,../1998/0215.html,2010-09-07,../2010/0907.html
NATORI Atsushi,natori_atsushi.html,Saitama,1961-11-12,6,0,1988-10-26,../1988/1026.html,1989-07-23,../1989/0723.html
NATSUKA Yoshihiro,natsuka_yoshihiro.html,Chiba,1969-10-07,11,1,1994-05-22,../1994/0522.html,1995-01-08,../1995/0108.html
NIMURA Teruo,nimura_teruo.html,Kyoto,1943-05-02,5,0,1970-12-10,../1970/1210.html,1970-12-19,../1970/1219.html
NINOMIYA Hirokazu,ninomiya_hirokazu.html,Hyogo,1917-11-22,6,1,1940-06-16,../1940/0616.html,1954-05-03,../1954/0503.html
NINOMIYA Hiroshi,ninomiya_hiroshi.html,,1937-02-13,12,9,1958-12-25,../1958/1225.html,1961-05-28,../1961/0528.html
NISHI Daigo,nishi_daigo.html,Hokkaido,1987-08-28,1,0,2011-06-01,../2011/0601.html,2011-06-01,../2011/0601.html
NISHI Norihiro,nishi_norihiro.html,Osaka,1980-05-09,5,0,2004-04-25,../2004/0425.html,2004-12-16,../2004/1216.html
NISHIKAWA Shusaku (GK),nishikawa_shusaku.html,Oita,1986-06-18,15,0,2009-10-08,../2009/1008.html,2014-11-14,../2014/1114.html
NISHIMURA Akihiro,nishimura_akihiro.html,Osaka,1958-08-08,49,2,1980-06-18,../1980/0618.html,1988-01-30,../1988/0130.html
NISHIMURA Shoichi,nishimura_shoichi.html,Hyogo,1912,2,1,1934-05-13,../1934/0513.html,1934-05-15,../1934/0515.html
NISHINO Akira,nishino_akira.html,Saitama,1955-04-07,12,1,1977-03-06,../1977/0306.html,1978-07-26,../1978/0726.html
NISHIYAMA Takao,nishiyama_takao.html,,1942-01-07,1,0,1964-03-03,../1964/0303.html,1964-03-03,../1964/0303.html
NISHIZAWA Akinori,nishizawa_akinori.html,Shizuoka,1976-06-18,29,10,1997-05-21,../1997/0521.html,2002-06-18,../2002/0618.html
NOGUCHI Koji,noguchi_koji.html,Chiba,1970-06-05,1,0,1995-08-06,../1995/0806.html,1995-08-06,../1995/0806.html
NOMURA Mitsugu,nomura_mitsugu.html,Hokkaido,1956-11-21,12,0,1981-06-02,../1981/0602.html,1982-07-18,../1982/0718.html
NORITAKE Ken,noritake_ken.html,,1922-07-18,1,0,1951-03-09,../1951/0309.html,1951-03-09,../1951/0309.html
OCHIAI Hiroshi,ochiai_hiroshi.html,Saitama,1946-02-28,63,9,1974-09-07,../1974/0907.html,1980-04-02,../1980/0402.html
OENOKI Katsumi,oenoki_katsumi.html,Shizuoka,1965-04-03,5,0,1989-05-05,../1989/0505.html,1990-07-29,../1990/0729.html
OGASAWARA Mitsuo,ogasawara_mitsuo.html,Iwate,1979-04-05,55,7,2002-03-21,../2002/0321.html,2010-02-11,../2010/0211.html
OGI Aritatsu,ogi_aritatsu.html,Hiroshima,1942-12-10,62,11,1963-08-08,../1963/0808.html,1976-03-17,../1976/0317.html
OGIHARA Takahiro,ogihara_takahiro.html,Osaka,1991-10-05,1,0,2013-07-25,../2013/0725.html,2013-07-25,../2013/0725.html
OGURA Takafumi,ogura_takafumi.html,Mie,1973-07-06,5,1,1994-05-22,../1994/0522.html,1994-10-09,../1994/1009.html
OGURO Masashi,oguro_masashi.html,Osaka,1980-05-04,22,5,2005-01-29,../2005/0129.html,2008-08-20,../2008/0820.html
OHASHI Kenzo,ohashi_kenzo.html,Hiroshima,1934-04-21,1,0,1958-05-26,../1958/0526.html,1958-05-26,../1958/0526.html
OISHI Nobuyuki,oishi_nobuyuki.html,Hiroshima,1939-09-12,1,0,1964-03-03,../1964/0303.html,1964-03-03,../1964/0303.html
OITA Koichi,oita_koichi.html,Tokyo,1914-04-09,2,0,1936-08-04,../1936/0804.html,1936-08-07,../1936/0807.html
OIWA Go,oiwa_go.html,Shizuoka,1972-06-23,3,0,2000-02-05,../2000/0205.html,2000-06-11,../2000/0611.html
OKADA Takeshi,okada_takeshi.html,Osaka,1956-08-25,24,1,1980-06-09,../1980/0609.html,1985-08-11,../1985/0811.html
OKADA Yoshio,okada_yoshio.html,,1926-08-11,7,0,1951-03-07,../1951/0307.html,1954-05-03,../1954/0503.html
OKAMOTO Hisataka,okamoto_hisataka.html,,1933-12-14,5,0,1955-01-02,../1955/0102.html,1955-10-09,../1955/1009.html
OKANO Masayuki,okano_masayuki.html,Kanagawa,1972-07-25,25,2,1995-09-20,../1995/0920.html,1999-07-05,../1999/0705.html
OKANO Shunichiro,okano_shunichiro.html,Tokyo,1931-08-28,2,0,1955-01-02,../1955/0102.html,1955-01-11,../1955/0111.html
OKAZAKI Shinji,okazaki_shinji.html,Hyogo,1986-04-16,91,43,2008-10-09,../2008/1009.html,2015-03-31,../2015/0331.html
OKIMUNE Toshihiko,okimune_toshihiko.html,Hiroshima,1959-09-07,2,0,1981-08-30,../1981/0830.html,1981-09-03,../1981/0903.html
OKU Daisuke,oku_daisuke.html,Hyogo,1976-02-07,26,2,1998-10-28,../1998/1028.html,2004-02-07,../2004/0207.html
OKUBO Yoshito,okubo_yoshito.html,Fukuoka,1982-06-09,60,6,2003-05-31,../2003/0531.html,2014-06-24,../2014/0624.html
OKUDERA Yasuhiko,okudera_yasuhiko.html,Akita,1952-03-12,32,9,1972-07-12,../1972/0712.html,1987-10-26,../1987/1026.html
OMI Yukitaka,omi_yukitaka.html,Tokyo,1952-12-15,6,0,1978-05-23,../1978/0523.html,1980-04-02,../1980/0402.html
OMI Yusuke,omi_yusuke.html,Tokyo,1946-12-26,5,1,1970-08-04,../1970/0804.html,1970-12-16,../1970/1216.html
OMURA Norio,omura_norio.html,Shimane,1969-09-06,30,4,1995-05-21,../1995/0521.html,1998-06-26,../1998/0626.html
OMURA Waichiro,omura_waichiro.html,Shizuoka,1933-01-01,5,0,1956-06-03,../1956/0603.html,1958-05-28,../1958/0528.html
ONISHI Tadao,onishi_tadao.html,Kyoto,1943-04-18,1,0,1969-10-10,../1969/1010.html,1969-10-10,../1969/1010.html
ONO Masao,ono_masao.html,,1923-03-02,3,0,1954-03-14,../1954/0314.html,1954-05-03,../1954/0503.html
ONO Shinji,ono_shinji.html,Shizuoka,1979-09-27,56,6,1998-04-01,../1998/0401.html,2008-08-20,../2008/0820.html
ONO Takeshi,ono_takeshi.html,,1944-11-22,3,0,1965-03-25,../1965/0325.html,1971-08-13,../1971/0813.html
OSAKO Yuya,osako_yuya.html,Kagoshima,1990-05-18,13,3,2013-07-21,../2013/0721.html,2015-03-31,../2015/0331.html
OTA Kosuke,ota_kosuke.html,Tokyo,1987-07-23,5,0,2010-01-06,../2010/0106.html,2015-03-31,../2015/0331.html
OTAKE Naoto,otake_naoto.html,Shizuoka,1968-10-18,1,0,1994-09-27,../1994/0927.html,1994-09-27,../1994/0927.html
OTANI Ichiji,otani_ichiji.html,Hyogo,1912-08-31,3,1,1934-05-13,../1934/0513.html,1934-05-20,../1934/0520.html
OTSU Yuki,otsu_yuki.html,Ibaraki,1990-03-24,2,0,2013-02-06,../2013/0206.html,2013-03-22,../2013/0322.html
OZAKI Kazuo,ozaki_kazuo.html,Tokyo,1960-03-07,17,3,1981-02-08,../1981/0208.html,1983-03-06,../1983/0306.html
OZAWA Michihiro,ozawa_michihiro.html,Tochigi,1932-12-25,36,0,1956-06-03,../1956/0603.html,1964-03-03,../1964/0303.html
RAMOS Ruy,ramos_ruy.html,Brazil,1957-02-09,32,1,1990-09-26,../1990/0926.html,1995-08-09,../1995/0809.html
SAEKI Hiroshi,saeki_hiroshi.html,Hiroshima,1936-05-26,4,0,1958-12-25,../1958/1225.html,1961-08-15,../1961/0815.html
SAITO Kazuo,saito_kazuo.html,Saitama,1951-07-27,32,0,1976-01-28,../1976/0128.html,1984-04-26,../1984/0426.html
SAITO Manabu,saito_manabu.html,Kanagawa,1990-04-04,5,1,2013-07-21,../2013/0721.html,2014-06-06,../2014/0606.html
SAITO Saizo (GK),saito_saizo.html,Osaka,1908-09-24,2,0,1930-05-25,../1930/0525.html,1930-05-29,../1930/0529.html
SAITO Toshihide,saito_toshihide.html,Shizuoka,1973-04-20,17,0,1996-08-25,../1996/0825.html,1999-07-02,../1999/0702.html
SAKAI Gotoku,sakai_gotoku.html,USA,1991-03-14,23,0,2012-09-06,../2012/0906.html,2015-03-31,../2015/0331.html
SAKAI Hiroki,sakai_hiroki.html,Chiba,1990-04-12,20,0,2012-05-23,../2012/0523.html,2015-03-27,../2015/0327.html
SAKAI Naoki,sakai_naoki.html,Chiba,1975-08-02,1,0,1996-10-13,../1996/1013.html,1996-10-13,../1996/1013.html
SAKAI Tatsuya,sakai_tatsuya.html,Fukuoka,1990-11-19,1,0,2014-09-05,../2014/0905.html,2014-09-05,../2014/0905.html
SAKAI Tomoyuki,sakai_tomoyuki.html,Saitama,1979-06-29,1,0,2000-12-20,../2000/1220.html,2000-12-20,../2000/1220.html
SAKAKURA Yuji,sakakura_yuji.html,Mie,1967-06-07,6,0,1990-07-27,../1990/0727.html,1991-07-27,../1991/0727.html
SAKASHITA Hiroyuki,sakashita_hiroyuki.html,,1959-05-06,1,0,1980-12-28,../1980/1228.html,1980-12-28,../1980/1228.html
SAKATA Daisuke,sakata_daisuke.html,Kanagawa,1983-01-16,1,0,2006-08-09,../2006/0809.html,2006-08-09,../2006/0809.html
SAKIYA Seiichi,sakiya_seiichi.html,Hiroshima,1950-12-01,3,0,1971-09-27,../1971/0927.html,1972-08-06,../1972/0806.html
SANO Rihei (GK),sano_rihei.html,Shizuoka,1912-09-21,2,0,1936-08-04,../1936/0804.html,1936-08-07,../1936/0807.html
SANO Toru,sano_toru.html,Shizuoka,1963-11-15,9,0,1988-01-27,../1988/0127.html,1990-09-28,../1990/0928.html
SANTOS Alessandro,santos_alessandro.html,Brazil,1977-07-20,82,7,2002-03-21,../2002/0321.html,2006-11-15,../2006/1115.html
SASAKI Koji,sasaki_koji.html,,1936-01-30,14,1,1958-12-25,../1958/1225.html,1961-08-10,../1961/0810.html
SASAKI Masanao,sasaki_masanao.html,Chiba,1962-06-19,20,0,1988-06-02,../1988/0602.html,1991-06-02,../1991/0602.html
SATO Choei (GK),sato_choei.html,Yamagata,1951-04-15,1,0,1978-07-21,../1978/0721.html,1978-07-21,../1978/0721.html
SATO Hiroaki,sato_hiroaki.html,Hyogo,1932-02-05,15,0,1955-01-02,../1955/0102.html,1959-01-11,../1959/0111.html
SATO Hisato,sato_hisato.html,Hiroshima,1982-03-12,31,4,2006-02-10,../2006/0210.html,2010-02-14,../2010/0214.html
SATO Yoshiaki,sato_yoshiaki.html,Osaka,1969-06-19,1,0,1994-05-22,../1994/0522.html,1994-05-22,../1994/0522.html
SATO Yuto,sato_yuto.html,Saitama,1982-03-12,1,0,2006-08-16,../2006/0816.html,2006-08-16,../2006/0816.html
SAWADA Kentaro,sawada_kentaro.html,Kanagawa,1970-05-15,4,0,1995-09-20,../1995/0920.html,1996-02-14,../1996/0214.html
SAWANOBORI Masaaki,sawanobori_masaaki.html,Shizuoka,1970-01-12,16,3,1993-04-08,../1993/0408.html,2000-02-20,../2000/0220.html
SEKIGUCHI Hisao,sekiguchi_hisao.html,Saitama,1954-10-29,3,1,1978-05-23,../1978/0523.html,1978-07-26,../1978/0726.html
SEKIGUCHI Kunimitsu,sekiguchi_kunimitsu.html,Tokyo,1985-12-26,3,0,2010-10-08,../2010/1008.html,2011-06-07,../2011/0607.html
SETA Tatsuhiko (GK),seta_tatsuhiko.html,Iwate,1952-01-15,25,0,1973-05-22,../1973/0522.html,1980-03-22,../1980/0322.html
SHIBASAKI Gaku,shibasaki_gaku.html,Aomori,1992-05-28,7,3,2014-09-09,../2014/0909.html,2015-03-31,../2015/0331.html
SHIGEMATSU Yoshinori,shigematsu_yoshinori.html,Hiroshima,1930-04-02,1,0,1958-05-28,../1958/0528.html,1958-05-28,../1958/0528.html
SHIJI Tatsuo,shiji_tatsuo.html,,1938-10-20,1,1,1961-05-28,../1961/0528.html,1961-05-28,../1961/0528.html
SHIMATANI Seishiro,shimatani_seishiro.html,Kyoto,1938-11-06,1,0,1959-01-11,../1959/0111.html,1959-01-11,../1959/0111.html
SHIMIZU Ryuzo,shimizu_ryuzo.html,,1902-09-30,2,1,1923-05-23,../1923/0523.html,1923-05-24,../1923/0524.html
SHIMODA Takashi (GK),shimoda_takashi.html,Hiroshima,1975-11-28,1,0,1999-03-31,../1999/0331.html,1999-03-31,../1999/0331.html
SHIMOKAWA Kenichi (GK),shimokawa_kenichi.html,Gifu,1970-05-14,9,0,1995-06-10,../1995/0610.html,1997-02-09,../1997/0209.html
SHIMOMURA Yukio (GK),shimomura_yukio.html,Hiroshima,1932-01-25,1,0,1955-10-09,../1955/1009.html,1955-10-09,../1955/1009.html
SHINOJIMA Hideo,shinojima_hideo.html,Tochigi,1910-01-21,2,1,1930-05-25,../1930/0525.html,1930-05-29,../1930/0529.html
SHINTO Katsuyoshi,shinto_katsuyoshi.html,Hiroshima,1960-09-15,15,1,1987-05-27,../1987/0527.html,1990-10-01,../1990/1001.html
SHIOTANI Tsukasa,shiotani_tsukasa.html,Tokushima,1988-12-05,2,0,2014-10-10,../2014/1010.html,2014-10-14,../2014/1014.html
SHOJI Gen,shoji_gen.html,Hyogo,1992-12-11,1,0,2015-03-31,../2015/0331.html,2015-03-31,../2015/0331.html
SOEJIMA Hiroshi,soejima_hiroshi.html,Saga,1959-07-26,3,0,1980-06-09,../1980/0609.html,1980-06-18,../1980/0618.html
SOGAHATA Hitoshi (GK),sogahata_hitoshi.html,Ibaraki,1979-08-02,4,0,2001-11-07,../2001/1107.html,2003-09-10,../2003/0910.html
SOMA Naoki,soma_naoki.html,Shizuoka,1971-07-19,58,4,1995-05-28,../1995/0528.html,1999-09-08,../1999/0908.html
SONOBE Tsutomu,sonobe_tsutomu.html,Ibaraki,1958-03-29,7,0,1978-05-23,../1978/0523.html,1981-02-24,../1981/0224.html
SORIMACHI Yasuharu,sorimachi_yasuharu.html,Saitama,1964-03-08,4,0,1990-07-27,../1990/0727.html,1991-07-27,../1991/0727.html
SUDO Shigemitsu,sudo_shigemitsu.html,Hokkaido,1956-04-02,13,0,1979-08-23,../1979/0823.html,1981-03-08,../1981/0308.html
SUGAMATA Tetsuo,sugamata_tetsuo.html,Tochigi,1957-11-29,23,0,1978-07-23,../1978/0723.html,1984-04-15,../1984/0415.html
SUGANO Yuji,sugano_yuji.html,Aichi,1961-04-14,1,0,1988-02-02,../1988/0202.html,1988-02-02,../1988/0202.html
SUGIMOTO Shigeo,sugimoto_shigeo.html,Hyogo,1926-12-04,3,0,1951-03-07,../1951/0307.html,1954-03-07,../1954/0307.html
SUGIMURA Shojiro,sugimura_shojiro.html,,1905-04-04,1,0,1927-08-27,../1927/0827.html,1927-08-27,../1927/0827.html
SUGIYAMA Ryuichi,sugiyama_ryuichi.html,Shizuoka,1941-07-04,56,15,1961-05-28,../1961/0528.html,1971-10-02,../1971/1002.html
SUZUKI Daisuke,suzuki_daisuke.html,Ishikawa,1990-01-29,2,0,2013-07-25,../2013/0725.html,2014-10-14,../2014/1014.html
SUZUKI Hideto,suzuki_hideto.html,Shizuoka,1974-10-07,1,0,1997-06-28,../1997/0628.html,1997-06-28,../1997/0628.html
SUZUKI Keita,suzuki_keita.html,Shizuoka,1981-07-08,28,0,2006-08-09,../2006/0809.html,2008-05-27,../2008/0527.html
SUZUKI Masaharu,suzuki_masaharu.html,Shizuoka,1970-08-03,2,0,1995-10-24,../1995/1024.html,1996-02-14,../1996/0214.html
SUZUKI Ryozo,suzuki_ryozo.html,,1939-07-16,24,0,1961-08-15,../1961/0815.html,1968-04-04,../1968/0404.html
SUZUKI Shigeyoshi,suzuki_shigeyoshi.html,Fukushima,1902-10-13,2,1,1927-08-27,../1927/0827.html,1927-08-29,../1927/0829.html
SUZUKI Takayuki,suzuki_takayuki.html,Ibaraki,1976-06-05,55,11,2001-04-25,../2001/0425.html,2005-10-12,../2005/1012.html
SUZUKI Yasuhito (GK),suzuki_yasuhito.html,Osaka,1959-12-19,4,0,1980-12-22,../1980/1222.html,1980-12-30,../1980/1230.html
SUZUKI Yasuo,suzuki_yasuo.html,Kanagawa,1913-04-30,2,0,1934-05-15,../1934/0515.html,1936-08-07,../1936/0807.html
TAGUCHI Mitsuhisa (GK),taguchi_mitsuhisa.html,Akita,1955-02-14,59,0,1975-09-08,../1975/0908.html,1984-04-21,../1984/0421.html
TAGUCHI Taishi,taguchi_taishi.html,Okinawa,1991-03-16,3,0,2014-10-10,../2014/1010.html,2014-11-14,../2014/1114.html
TAKABAYASHI Takashi,takabayashi_takashi.html,Saitama,1931-08-02,9,2,1954-03-14,../1954/0314.html,1958-05-28,../1958/0528.html
TAKABAYASHI Toshio,takabayashi_toshio.html,,1953-11-15,12,2,1974-02-12,../1974/0212.html,1976-08-20,../1976/0820.html
TAKADA Kazumi,takada_kazumi.html,Shizuoka,1951-06-28,16,0,1970-12-12,../1970/1212.html,1975-09-08,../1975/0908.html
TAKAGI Kazumichi,takagi_kazumichi.html,Shiga,1980-11-21,5,0,2008-08-20,../2008/0820.html,2009-02-04,../2009/0204.html
TAKAGI Takuya,takagi_takuya.html,Nagasaki,1967-11-12,44,27,1992-05-31,../1992/0531.html,1997-11-08,../1997/1108.html
TAKAHAGI Yojiro,takahagi_yojiro.html,Fukushima,1986-08-02,2,0,2013-07-21,../2013/0721.html,2013-07-28,../2013/0728.html
TAKAHARA Ikuo,takahara_ikuo.html,,1957-10-14,4,2,1980-03-22,../1980/0322.html,1980-04-02,../1980/0402.html
TAKAHARA Naohiro,takahara_naohiro.html,Shizuoka,1979-06-04,57,23,2000-02-13,../2000/0213.html,2008-05-27,../2008/0527.html
TAKAHASHI Hideto,takahashi_hideto.html,Gunma,1987-10-17,7,0,2012-05-23,../2012/0523.html,2013-07-25,../2013/0725.html
TAKAKUWA Daijiro (GK),takakuwa_daijiro.html,Tokyo,1973-08-10,1,0,2000-10-20,../2000/1020.html,2000-10-20,../2000/1020.html
TAKAMATSU Daiki,takamatsu_daiki.html,Yamaguchi,1981-09-08,2,0,2006-11-15,../2006/1115.html,2007-08-22,../2007/0822.html
TAKAMORI Yasuo,takamori_yasuo.html,,1934-03-03,30,0,1955-01-02,../1955/0102.html,1963-08-15,../1963/0815.html
TAKAMORO Ko,takamoro_ko.html,Saitama,1907-11-09,2,0,1927-08-27,../1927/0827.html,1927-08-29,../1927/0829.html
TAKAYAMA Tadao,takayama_tadao.html,Tokyo,1904-06-24,2,1,1930-05-25,../1930/0525.html,1930-05-29,../1930/0529.html
TAKEDA Nobuhiro,takeda_nobuhiro.html,Shizuoka,1967-05-10,18,1,1987-04-08,../1987/0408.html,1994-10-03,../1994/1003.html
TAKENOKOSHI Shigemaru,takenokoshi_shigemaru.html,Oita,1906-02-15,5,1,1925-05-20,../1925/0520.html,1930-05-29,../1930/0529.html
TAKEUCHI Teizo,takeuchi_teizo.html,Tokyo,1908-11-06,4,0,1930-05-25,../1930/0525.html,1936-08-07,../1936/0807.html
TAMADA Keiji,tamada_keiji.html,Chiba,1980-04-11,72,16,2004-03-31,../2004/0331.html,2010-06-29,../2010/0629.html
TAMAI Misao,tamai_misao.html,Hyogo,1903-12-16,2,1,1927-08-27,../1927/0827.html,1927-08-29,../1927/0829.html
TAMURA Megumu,tamura_megumu.html,,1927-01-10,3,0,1951-03-07,../1951/0307.html,1951-03-09,../1951/0309.html
TANAKA Hayuma,tanaka_hayuma.html,Nagano,1982-07-31,1,0,2006-08-09,../2006/0809.html,2006-08-09,../2006/0809.html
TANAKA Junya,tanaka_junya.html,Tokyo,1987-07-15,4,0,2012-02-24,../2012/0224.html,2014-10-14,../2014/1014.html
TANAKA Koji,tanaka_koji.html,Saitama,1955-11-02,20,3,1982-07-15,../1982/0715.html,1984-05-31,../1984/0531.html
TANAKA Makoto,tanaka_makoto.html,Shizuoka,1975-08-08,32,0,2004-04-25,../2004/0425.html,2006-05-09,../2006/0509.html
TANAKA Marcus Tulio,tanaka_marcus_tulio.html,Brazil,1981-04-24,43,8,2006-08-09,../2006/0809.html,2010-06-29,../2010/0629.html
TANAKA Shinji,tanaka_shinji.html,Saitama,1960-09-25,17,0,1980-03-30,../1980/0330.html,1985-06-04,../1985/0604.html
TANAKA Tatsuya,tanaka_tatsuya.html,Yamaguchi,1982-11-27,16,3,2005-07-31,../2005/0731.html,2009-03-28,../2009/0328.html
TANAKA Yasukazu,tanaka_yasukazu.html,,1933-06-15,4,0,1955-01-02,../1955/0102.html,1955-01-11,../1955/0111.html
TANI Shinichiro,tani_shinichiro.html,Aichi,1968-11-13,1,0,1990-07-27,../1990/0727.html,1990-07-27,../1990/0727.html
TANINAKA Osamu,taninaka_osamu.html,Tokyo,1964-09-24,3,0,1984-09-30,../1984/0930.html,1986-08-01,../1986/0801.html
TASAKA Kazuaki,tasaka_kazuaki.html,Hiroshima,1971-08-03,7,0,1995-05-28,../1995/0528.html,1999-06-29,../1999/0629.html
TASHIMA Kozo,tashima_kozo.html,Kumamoto,1957-11-21,7,1,1979-06-27,../1979/0627.html,1980-06-18,../1980/0618.html
TASHIRO Yuzo,tashiro_yuzo.html,Fukuoka,1982-07-22,3,0,2008-02-17,../2008/0217.html,2008-02-23,../2008/0223.html
TATSUHARA Motoo,tatsuhara_motoo.html,Tokyo,1913-01-14,4,0,1934-05-13,../1934/0513.html,1936-08-07,../1936/0807.html
TERADA Shuhei,terada_shuhei.html,Kanagawa,1975-06-23,6,0,2008-05-27,../2008/0527.html,2009-01-28,../2009/0128.html
TESHIMA Shiro,teshima_shiro.html,Hiroshima,1907-02-26,2,2,1930-05-25,../1930/0525.html,1930-05-29,../1930/0529.html
TEZUKA Satoshi,tezuka_satoshi.html,Tochigi,1958-09-04,25,2,1980-06-11,../1980/0611.html,1988-02-02,../1988/0202.html
TOCHIO Kenji,tochio_kenji.html,,1941-05-26,2,0,1961-05-28,../1961/0528.html,1961-06-11,../1961/0611.html
TODA Kazuyuki,toda_kazuyuki.html,Tokyo,1977-12-30,20,1,2001-05-31,../2001/0531.html,2002-06-18,../2002/0618.html
TOKITA Masanori,tokita_masanori.html,Hyogo,1925-06-24,12,2,1951-03-07,../1951/0307.html,1959-09-05,../1959/0905.html
TOKUHIRO Takashi,tokuhiro_takashi.html,,1931-04-28,1,0,1955-10-09,../1955/1009.html,1955-10-09,../1955/1009.html
TOKUNAGA Yuhei,tokunaga_yuhei.html,Nagasaki,1983-09-25,9,0,2009-10-08,../2009/1008.html,2013-07-28,../2013/0728.html
TOMIZAWA Kiyoshi,tomizawa_kiyoshi.html,Shizuoka,1943-12-03,9,2,1965-03-14,../1965/0314.html,1971-10-02,../1971/1002.html
TOTSUKA Tetsuya,totsuka_tetsuya.html,Tokyo,1961-04-24,18,3,1980-12-22,../1980/1222.html,1985-11-03,../1985/1103.html
TOYODA Yohei,toyoda_yohei.html,Ishikawa,1985-04-11,8,1,2013-07-25,../2013/0725.html,2015-01-23,../2015/0123.html
TSUBOI Keisuke,tsuboi_keisuke.html,Tokyo,1979-09-16,40,0,2003-06-11,../2003/0611.html,2007-06-01,../2007/0601.html
TSUBOTA Kazumi (GK),tsubota_kazumi.html,Nagasaki,1956-01-23,7,0,1981-03-08,../1981/0308.html,1984-04-26,../1984/0426.html
TSUCHIHASHI Masaki,tsuchihashi_masaki.html,Kanagawa,1972-07-23,1,0,1996-05-26,../1996/0526.html,1996-05-26,../1996/0526.html
TSUDA Yukio (GK),tsuda_yukio.html,Hyogo,1917-08-15,4,0,1940-06-16,../1940/0616.html,1951-03-09,../1951/0309.html
TSUGITANI Shozo,tsugitani_shozo.html,,1940-06-25,12,4,1961-08-15,../1961/0815.html,1965-03-27,../1965/0327.html
TSUNAMI Satoshi,tsunami_satoshi.html,Tokyo,1961-08-14,78,2,1980-12-22,../1980/1222.html,1995-02-21,../1995/0221.html
TSUZUKI Ryota (GK),tsuzuki_ryota.html,Nara,1978-04-18,6,0,2001-06-04,../2001/0604.html,2009-09-09,../2009/0909.html
UCHIDA Atsuto,uchida_atsuto.html,Shizuoka,1988-03-27,74,2,2008-01-26,../2008/0126.html,2015-03-31,../2015/0331.html
UCHINO Masao,uchino_masao.html,,1934-04-21,18,3,1955-01-02,../1955/0102.html,1962-09-12,../1962/0912.html
UCHIYAMA Atsushi,uchiyama_atsushi.html,Shizuoka,1959-06-29,2,0,1984-09-30,../1984/0930.html,1985-02-23,../1985/0223.html
UCHIYAMA Masaru,uchiyama_masaru.html,Shizuoka,1957-04-14,1,0,1985-05-26,../1985/0526.html,1985-05-26,../1985/0526.html
UEDA Tadahiko,ueda_tadahiko.html,Kyoto,1947-08-03,13,7,1970-08-02,../1970/0802.html,1971-09-23,../1971/0923.html
UEKI Shigeharu,ueki_shigeharu.html,Kanagawa,1954-09-13,1,0,1979-07-13,../1979/0713.html,1979-07-13,../1979/0713.html
UEMURA Kenichi,uemura_kenichi.html,Kumamoto,1974-04-22,4,0,2001-04-25,../2001/0425.html,2001-06-07,../2001/0607.html
UENO Yoshiharu,ueno_yoshiharu.html,Saitama,1973-04-21,1,0,2000-06-06,../2000/0606.html,2000-06-06,../2000/0606.html
UKON Tokutaro,ukon_tokutaro.html,Hyogo,1913-09-23,5,1,1934-05-15,../1934/0515.html,1940-06-16,../1940/0616.html
UMESAKI Tsukasa,umesaki_tsukasa.html,Nagasaki,1987-02-23,1,0,2006-09-06,../2006/0906.html,2006-09-06,../2006/0906.html
USAMI Takashi,usami_takashi.html,Kyoto,1992-05-06,2,1,2015-03-27,../2015/0327.html,2015-03-31,../2015/0331.html
USUI Hiroyuki,usui_hiroyuki.html,Shizuoka,1953-08-04,38,15,1974-02-12,../1974/0212.html,1984-04-26,../1984/0426.html
WATANABE Hidemaro (GK),watanabe_hidemaro.html,Hiroshima,1924-09-24,2,0,1954-03-14,../1954/0314.html,1954-05-03,../1954/0503.html
WATANABE Kazuma,watanabe_kazuma.html,Nagasaki,1986-08-10,1,0,2010-01-06,../2010/0106.html,2010-01-06,../2010/0106.html
WATANABE Masashi,watanabe_masashi.html,Hiroshima,1936-01-11,39,12,1958-12-25,../1958/1225.html,1969-10-18,../1969/1018.html
WATANABE Mitsuo,watanabe_mitsuo.html,Tochigi,1953-06-04,28,4,1974-02-12,../1974/0212.html,1979-07-01,../1979/0701.html
WATANABE Takeshi,watanabe_takeshi.html,Shizuoka,1972-09-10,1,0,1997-08-13,../1997/0813.html,1997-08-13,../1997/0813.html
WATANABE Yoshiichi,watanabe_yoshiichi.html,,1954-04-05,6,1,1979-06-16,../1979/0616.html,1979-07-13,../1979/0713.html
YAEGASHI Shigeo,yaegashi_shigeo.html,Korea,1933-03-24,45,11,1956-06-03,../1956/0603.html,1968-10-14,../1968/1014.html
YAMADA Hiroki,yamada_hiroki.html,Shizuoka,1988-12-27,2,0,2013-07-25,../2013/0725.html,2013-07-28,../2013/0728.html
YAMADA Naoki,yamada_naoki.html,Hiroshima,1990-07-04,2,0,2009-05-27,../2009/0527.html,2010-01-06,../2010/0106.html
YAMADA Nobuhisa,yamada_nobuhisa.html,Shizuoka,1975-09-10,15,1,2002-11-20,../2002/1120.html,2004-02-18,../2004/0218.html
YAMADA Takahiro,yamada_takahiro.html,Osaka,1972-04-29,1,0,1994-09-27,../1994/0927.html,1994-09-27,../1994/0927.html
YAMADA Takuya,yamada_takuya.html,Tokyo,1974-08-24,4,0,2003-12-07,../2003/1207.html,2004-08-18,../2004/0818.html
YAMAGISHI Satoru,yamagishi_satoru.html,Chiba,1983-05-03,11,0,2006-10-04,../2006/1004.html,2008-03-26,../2008/0326.html
YAMAGUCHI Hotaru,yamaguchi_hotaru.html,Mie,1990-10-06,16,0,2013-07-21,../2013/0721.html,2015-03-27,../2015/0327.html
YAMAGUCHI Motohiro,yamaguchi_motohiro.html,Gunma,1969-01-29,58,4,1995-01-06,../1995/0106.html,1998-06-26,../1998/0626.html
YAMAGUCHI Satoshi (GK),yamaguchi_satoshi_19590801.html,Oita,1959-08-01,1,0,1981-02-19,../1981/0219.html,1981-02-19,../1981/0219.html
YAMAGUCHI Satoshi,yamaguchi_satoshi_19780417.html,Kochi,1978-04-17,2,0,2009-05-27,../2009/0527.html,2009-05-31,../2009/0531.html
YAMAGUCHI Toshihiro,yamaguchi_toshihiro.html,Kumamoto,1971-11-19,4,0,1994-07-08,../1994/0708.html,1995-01-08,../1995/0108.html
YAMAGUCHI Yoshitada,yamaguchi_yoshitada.html,Shizuoka,1944-09-28,49,0,1964-10-16,../1964/1016.html,1973-06-23,../1973/0623.html
YAMAJI Osamu,yamaji_osamu.html,,1929-08-31,1,0,1954-03-07,../1954/0307.html,1954-03-07,../1954/0307.html
YAMAMOTO Masakuni,yamamoto_masakuni.html,Shizuoka,1958-04-04,4,0,1980-12-26,../1980/1226.html,1981-02-19,../1981/0219.html
YAMAMURA Kazuya,yamamura_kazuya.html,Nagasaki,1989-12-02,1,0,2010-01-06,../2010/0106.html,2010-01-06,../2010/0106.html
YAMANO Takayoshi,yamano_takayoshi.html,Osaka,1955-04-05,2,0,1980-06-11,../1980/0611.html,1980-06-18,../1980/0618.html
YAMASE Koji,yamase_koji.html,Hokkaido,1981-09-22,13,5,2006-08-09,../2006/0809.html,2010-04-07,../2010/0407.html
YAMASHITA Yoshiteru,yamashita_yoshiteru.html,Fukuoka,1977-11-21,3,0,2001-06-04,../2001/0604.html,2003-04-16,../2003/0416.html
YANAGIMOTO Hiroshige,yanagimoto_hiroshige.html,Osaka,1972-10-15,30,0,1995-01-08,../1995/0108.html,1997-03-27,../1997/0327.html
YANAGISAWA Atsushi,yanagisawa_atsushi.html,Toyama,1977-05-27,58,17,1998-02-15,../1998/0215.html,2006-06-18,../2006/0618.html
YANO Kisho,yano_kisho.html,Shizuoka,1984-04-05,19,2,2007-03-24,../2007/0324.html,2010-06-14,../2010/0614.html
YASUDA Michihiro,yasuda_michihiro.html,Hyogo,1987-12-20,7,1,2008-02-17,../2008/0217.html,2011-06-01,../2011/0601.html
YASUDA Michio (GK),yasuda_michio.html,,1949-11-10,1,0,1979-08-23,../1979/0823.html,1979-08-23,../1979/0823.html
YOKOTANI Masaki,yokotani_masaki.html,Kyoto,1952-05-10,20,0,1974-07-23,../1974/0723.html,1977-06-15,../1977/0615.html
YOKOYAMA Kenzo (GK),yokoyama_kenzo.html,Saitama,1943-01-21,49,0,1964-10-16,../1964/1016.html,1974-09-28,../1974/0928.html
YOKOYAMA Masafumi,yokoyama_masafumi.html,Nagasaki,1956-04-10,31,10,1979-08-23,../1979/0823.html,1984-04-18,../1984/0418.html
YONASHIRO George,yonashiro_george.html,Brazil,1950-11-28,2,0,1985-10-26,../1985/1026.html,1985-11-03,../1985/1103.html
YONEMOTO Takuji,yonemoto_takuji.html,Hyogo,1990-12-03,1,0,2010-01-06,../2010/0106.html,2010-01-06,../2010/0106.html
YONEYAMA Atsushi,yoneyama_atsushi.html,Tochigi,1976-11-20,1,0,2000-02-16,../2000/0216.html,2000-02-16,../2000/0216.html
YOSHIDA Hiroshi,yoshida_hiroshi.html,Shizuoka,1958-02-11,9,1,1981-02-08,../1981/0208.html,1983-02-25,../1983/0225.html
YOSHIDA Maya,yoshida_maya.html,Nagasaki,1988-08-24,53,4,2010-01-06,../2010/0106.html,2015-03-27,../2015/0327.html
YOSHIDA Mitsunori,yoshida_mitsunori.html,Aichi,1962-03-08,35,2,1988-06-02,../1988/0602.html,1993-10-28,../1993/1028.html
YOSHIHARA Kota,yoshihara_kota.html,Osaka,1978-02-02,1,0,1999-07-02,../1999/0702.html,1999-07-02,../1999/0702.html
YOSHIKAWA Toru,yoshikawa_toru.html,,1961-12-13,1,0,1983-02-12,../1983/0212.html,1983-02-12,../1983/0212.html
YOSHIMIZU Norio,yoshimizu_norio.html,,1946-08-21,4,1,1970-07-31,../1970/0731.html,1970-08-16,../1970/0816.html
YOSHIMURA Daishiro,yoshimura_daishiro.html,Brazil,1947-08-16,46,7,1970-08-02,../1970/0802.html,1976-08-22,../1976/0822.html
YUGUCHI Eizo,yuguchi_eizo.html,Osaka,1945-07-04,5,1,1969-10-18,../1969/1018.html,1970-12-18,../1970/1218.html
